key1	0
key2	141	0
key3	106	115	0
key4	57	60	154	0
key5	2	152	162	141	0
key6	9	82	172	158	74	0
key7	192	174	11	189	72	104	0
key8	153	10	118	93	59	124	129	0
key9	52	55	165	164	117	197	182	45	0
key10	139	196	48	106	21	199	135	3	115	0
key11	20	20	159	56	9	59	76	60	189	195	0
key12	80	55	32	32	129	82	82	142	65	126	41	0
key13	37	116	16	91	181	52	157	75	57	183	126	125	0
key14	85	19	112	138	182	166	4	108	183	86	135	100	102	0
key15	92	70	80	53	11	48	195	12	78	72	97	31	94	51	0
key16	125	108	31	187	130	101	78	21	156	91	150	119	166	3	42	0
key17	14	21	66	25	0	107	131	108	165	16	38	135	90	71	29	140	0
key18	185	106	17	151	80	92	98	41	65	19	117	33	185	19	88	54	174	0
key19	150	54	134	51	17	6	64	158	59	47	96	50	68	8	96	41	172	117	0
key20	150	185	66	108	16	126	82	192	22	184	124	69	29	95	43	198	26	5	69	0
key21	109	184	107	81	169	165	134	144	199	67	99	82	139	35	84	108	162	108	85	101	0
key22	45	123	97	136	177	74	60	58	30	105	44	116	72	175	95	38	136	149	122	156	32	0
key23	161	40	191	13	12	158	75	92	23	23	34	9	142	106	112	43	93	149	150	79	180	149	0
key24	17	126	142	3	86	80	55	197	160	139	83	146	55	71	86	188	24	129	69	20	37	15	86	0
key25	191	108	98	194	43	75	79	56	100	27	103	193	111	181	131	88	138	12	151	140	99	31	44	65	0
key26	156	10	103	151	160	65	194	160	134	181	175	83	24	190	159	139	80	3	33	32	101	81	21	55	128	0
key27	169	99	37	179	74	64	154	43	89	47	175	122	74	77	172	117	186	103	66	173	51	51	35	69	0	148	0
key28	168	55	140	80	162	148	87	15	82	67	142	62	159	30	118	191	48	187	22	196	126	119	180	114	49	172	14	0
key29	87	151	49	75	79	105	54	116	41	15	179	22	130	180	46	189	169	88	98	153	166	76	39	65	82	30	123	19	0
key30	41	138	100	36	198	94	0	85	57	150	178	164	35	21	2	30	75	37	195	174	116	145	29	51	5	165	156	158	66	0
key31	90	111	160	112	40	41	72	114	68	105	85	114	10	109	41	192	186	198	167	81	161	197	51	34	138	3	67	138	22	21	0
key32	58	79	111	62	59	161	61	75	80	168	81	144	131	81	190	129	103	44	116	149	91	180	56	133	178	56	73	2	58	196	152	0
key33	116	121	53	101	158	171	18	108	83	14	90	139	99	81	189	196	118	106	123	17	36	56	3	30	84	109	111	156	8	81	11	62	0
key34	120	103	119	65	181	154	115	86	146	32	11	48	151	190	69	136	158	7	158	96	41	120	181	189	130	2	132	192	1	190	14	58	116	0
key35	161	8	10	112	62	82	102	146	90	64	14	81	114	152	116	130	161	83	159	144	138	146	38	154	13	49	190	163	43	36	47	185	51	51	0
key36	142	132	154	151	61	164	143	179	44	71	110	71	40	115	125	27	12	126	167	128	84	37	99	194	153	76	96	109	134	7	129	179	68	23	85	0
key37	154	71	82	149	87	143	101	34	55	17	195	56	123	61	170	63	159	34	60	14	98	90	119	6	63	27	65	152	125	192	165	110	121	38	180	63	0
key38	120	119	153	142	137	152	51	109	101	113	56	83	70	194	103	116	93	6	75	27	130	30	39	75	19	123	140	87	84	67	140	42	8	177	8	91	147	0
key39	151	164	41	93	173	165	82	92	69	49	161	108	107	125	17	142	51	11	55	192	65	129	72	73	65	42	42	84	123	48	137	117	120	15	8	30	49	79	0
key40	116	57	167	179	105	77	0	50	32	129	196	62	48	175	25	113	121	122	138	170	19	78	164	53	135	79	166	86	167	43	146	179	43	196	193	174	104	130	91	0
key41	31	128	122	170	73	10	101	10	74	90	59	193	2	130	122	106	5	143	62	196	58	72	64	70	47	118	140	53	115	115	198	186	49	162	153	81	125	98	99	26	0
key42	193	35	117	136	21	130	147	156	86	16	99	114	11	82	23	29	62	198	120	54	83	94	12	91	87	189	54	34	101	68	102	79	51	13	128	72	109	176	84	118	76	0
key43	11	21	29	28	152	52	27	8	138	168	103	160	196	104	13	125	65	55	136	80	76	41	175	30	80	121	109	145	24	64	1	156	184	59	45	190	37	83	72	64	195	115	0
key44	105	26	179	6	158	143	48	188	93	144	79	46	120	110	92	129	153	13	31	20	10	109	191	45	69	178	96	46	169	13	26	192	166	164	199	47	132	125	194	84	11	175	32	0
key45	49	121	73	105	183	109	191	152	80	151	114	89	9	7	72	83	73	126	35	86	31	194	54	11	160	142	50	158	174	196	54	92	182	184	100	176	114	84	163	145	179	30	154	133	0
key46	182	166	155	155	94	147	112	32	62	93	178	173	76	193	100	196	89	155	61	15	175	115	172	161	153	184	10	164	45	54	10	180	197	52	107	68	42	40	25	120	117	171	17	40	126	0
key47	92	57	166	61	194	79	158	161	121	71	117	132	116	11	168	11	30	63	87	84	171	11	179	47	10	156	7	27	133	52	168	42	45	101	123	121	20	188	76	69	7	178	98	81	186	50	0
key48	110	8	162	93	109	75	29	146	44	42	64	84	148	23	87	164	114	153	58	14	124	100	137	70	126	32	181	73	162	32	99	6	149	168	58	84	102	0	133	195	18	156	8	193	199	137	137	0
key49	35	34	193	138	177	25	30	53	6	64	180	47	140	166	17	163	162	40	20	124	15	124	92	188	38	59	121	49	62	18	0	191	146	85	91	92	171	82	141	75	77	47	45	13	158	164	66	83	0
key50	198	139	98	166	67	30	181	102	157	122	69	192	74	60	43	154	178	22	180	124	178	151	65	107	164	30	158	85	108	14	11	167	196	3	131	190	24	76	98	180	33	165	130	44	9	182	98	134	13	0
key51	2	191	41	178	89	33	57	150	170	51	69	173	171	83	119	37	188	51	3	64	120	75	128	148	142	36	11	49	39	195	35	131	181	54	51	154	151	77	31	114	24	54	171	133	93	113	46	3	51	190	0
key52	11	170	16	144	53	182	10	119	99	175	89	166	165	14	116	101	158	86	195	28	134	138	146	99	197	170	34	132	55	174	146	78	19	123	21	134	61	17	126	109	115	168	186	42	29	143	162	64	169	155	76	0
key53	116	74	104	94	117	154	65	52	173	51	31	32	48	35	104	192	78	59	134	46	138	65	9	188	54	134	199	75	73	91	143	51	174	156	92	25	39	48	199	3	65	142	57	63	29	64	95	184	7	152	14	125	0
key54	137	155	81	151	34	187	64	13	59	129	32	175	32	87	185	93	197	86	153	142	41	33	132	196	154	113	76	55	152	47	139	121	37	191	163	132	13	93	19	131	155	91	1	106	122	172	62	56	122	73	108	127	131	0
key55	30	137	188	154	188	29	60	145	50	190	190	169	180	37	185	22	158	145	186	91	181	33	99	75	119	7	69	145	15	47	13	167	40	154	195	159	96	136	55	16	67	48	87	66	128	85	168	93	89	124	134	199	7	109	0
key56	10	122	33	98	89	197	119	150	57	179	169	65	172	102	41	177	97	196	5	194	169	57	41	88	137	56	193	36	130	9	175	10	97	94	21	19	72	10	192	198	114	1	123	149	77	113	32	133	42	118	170	110	193	74	125	0
key57	27	147	143	174	163	132	54	90	118	14	23	189	50	175	115	39	173	42	61	9	89	65	124	74	187	146	12	68	76	114	49	186	83	56	185	141	186	96	64	160	13	19	140	43	73	153	43	67	55	96	192	132	166	93	65	173	0
key58	118	66	110	5	175	89	113	32	37	120	13	198	187	177	170	189	76	168	76	90	168	164	125	82	27	133	26	0	61	117	69	135	109	57	42	87	87	73	196	67	72	194	59	52	46	133	104	186	90	116	63	35	17	162	93	90	69	0
key59	9	192	118	55	93	66	168	141	176	41	22	93	24	31	99	167	136	154	10	46	119	197	156	35	120	131	185	101	105	77	97	163	180	124	192	29	178	188	76	195	80	137	114	76	98	148	134	104	0	129	177	66	91	181	104	92	37	112	0
key60	47	102	148	10	110	89	103	50	129	66	127	166	66	51	24	161	71	115	50	79	177	65	44	16	60	188	6	185	38	44	123	38	125	101	48	22	136	30	33	4	35	45	97	131	146	93	65	146	198	93	38	155	36	31	125	45	166	95	20	0
key61	143	164	70	33	139	128	178	162	45	179	166	27	16	16	48	45	14	119	99	59	121	2	90	16	107	116	182	97	48	199	66	90	185	88	153	24	46	160	16	45	9	47	78	141	118	179	158	125	147	194	53	62	119	190	189	142	67	23	101	17	0
key62	56	68	183	171	42	15	73	153	192	129	95	53	47	145	149	32	140	29	54	96	61	177	135	130	170	66	69	172	165	164	169	142	100	77	128	20	46	154	12	75	6	140	96	143	89	81	158	155	115	74	17	112	87	72	127	120	106	138	13	62	134	0
key63	145	166	127	13	133	182	193	127	108	151	47	122	99	102	72	67	59	88	167	72	18	131	131	156	88	9	89	158	112	101	168	103	173	74	30	23	143	25	46	17	86	72	126	168	114	193	195	111	88	120	124	45	170	74	108	1	29	163	91	157	94	15	0
key64	47	5	53	74	106	165	12	139	136	48	93	155	166	178	90	51	68	153	171	34	83	62	34	130	0	151	103	170	184	135	190	36	54	171	192	148	12	67	47	6	19	150	135	181	26	182	133	156	49	125	117	13	99	157	116	178	163	138	115	12	23	123	107	0
key65	45	146	132	197	76	3	162	155	107	51	55	19	133	160	11	150	190	92	158	131	37	30	160	125	101	153	93	72	69	66	152	151	124	80	19	72	41	137	81	40	122	188	94	151	191	25	98	47	34	155	182	20	87	130	103	164	179	126	149	180	123	168	53	27	0
key66	154	11	163	25	23	68	55	10	133	187	198	137	137	77	72	130	170	193	129	189	145	57	16	142	94	39	35	46	155	185	58	43	16	96	96	62	3	54	116	172	22	3	99	183	151	173	165	105	78	164	131	45	193	67	132	163	127	48	83	75	147	174	197	105	191	0
key67	91	150	189	163	151	94	30	70	194	128	96	16	169	8	79	41	22	118	195	11	15	81	135	160	109	25	73	80	191	103	118	161	152	54	12	84	15	21	91	157	115	15	82	112	122	34	158	138	125	22	43	180	159	94	163	73	179	191	48	134	93	6	189	7	36	141	0
key68	138	147	103	128	63	166	122	93	147	20	86	72	49	52	29	175	198	82	154	3	154	147	13	113	5	92	134	137	25	10	98	141	173	134	70	46	50	177	172	93	98	122	119	155	56	64	89	106	65	99	57	38	14	65	169	123	151	134	173	128	131	51	96	187	123	25	172	0
key69	8	159	71	22	145	140	199	77	112	88	55	63	149	49	11	123	33	49	107	1	151	91	41	64	11	14	11	185	8	194	3	67	43	97	131	26	181	80	33	16	177	49	106	106	33	159	199	10	16	165	154	67	128	32	196	65	15	180	173	121	138	193	47	10	183	169	37	143	0
key70	133	124	4	192	180	46	98	174	90	198	45	174	21	70	88	123	187	181	179	31	174	136	16	61	105	126	140	58	59	82	70	127	131	78	94	62	151	186	113	25	51	175	130	69	77	68	191	124	57	143	171	19	117	187	23	161	43	198	63	66	103	142	111	135	107	150	83	82	123	0
key71	175	32	13	48	95	36	154	17	67	142	28	71	125	154	85	76	39	75	177	82	17	197	91	146	56	43	123	192	144	155	108	127	118	136	96	12	165	144	84	71	172	24	190	160	133	109	85	82	0	52	66	154	189	123	190	19	129	146	49	117	67	88	196	194	123	107	30	74	190	34	0
key72	116	71	90	118	167	54	173	17	75	167	175	36	183	189	120	23	18	154	68	101	66	14	126	66	3	155	95	25	171	166	178	88	105	48	126	104	115	86	52	59	113	162	71	109	86	119	15	77	32	181	179	189	133	13	126	68	185	42	141	173	74	17	133	88	108	33	189	66	190	186	175	0
key73	17	53	98	194	152	130	76	82	67	88	132	169	93	6	47	74	77	198	85	167	30	97	161	63	14	181	58	182	82	149	86	150	72	152	6	49	45	71	190	126	175	43	38	143	93	40	45	177	74	98	116	79	79	196	128	174	48	180	153	13	35	147	117	181	5	67	118	144	70	66	193	155	0
key74	181	151	131	8	70	191	141	39	39	142	166	183	1	126	49	71	171	163	150	189	7	141	9	77	198	54	64	184	108	71	15	173	67	71	41	70	106	17	64	69	154	186	67	186	77	45	56	162	165	184	81	14	77	88	96	42	31	169	77	77	42	43	189	188	13	58	0	35	82	73	146	71	1	0
key75	85	49	194	188	108	80	52	10	100	176	196	128	143	107	83	86	68	187	127	150	136	45	5	2	168	39	11	78	116	119	53	160	97	144	113	15	72	52	148	88	168	67	41	41	62	173	6	145	7	25	41	116	109	115	32	15	57	190	102	178	101	113	19	13	78	184	50	40	92	103	56	180	43	185	0
key76	55	97	3	27	18	187	43	24	127	21	117	130	73	32	183	83	15	60	186	59	178	141	84	199	110	144	126	165	182	68	183	161	144	177	120	0	125	196	32	13	88	145	116	22	135	35	0	150	56	8	126	90	134	125	170	20	0	8	129	168	133	132	42	27	14	163	171	22	133	151	30	25	33	170	62	0
key77	120	26	6	166	22	132	102	77	136	95	147	194	80	27	114	58	45	114	154	78	13	173	136	112	25	48	35	94	90	68	176	112	158	150	125	136	130	149	24	196	129	66	187	12	9	95	142	69	126	133	115	147	152	125	176	99	140	76	28	80	40	98	47	22	65	114	173	167	107	13	53	40	199	54	28	79	0
key78	38	113	175	117	142	194	197	104	74	178	166	88	98	24	111	43	106	29	61	149	174	124	133	115	182	31	73	163	79	64	50	53	199	185	92	161	26	105	180	7	10	37	186	35	32	99	67	41	120	169	102	48	15	187	185	36	187	108	164	123	98	104	35	189	123	19	176	154	107	72	46	111	192	8	118	97	71	0
key79	105	76	129	112	23	50	75	120	109	110	187	153	151	8	77	190	179	163	144	41	120	108	55	118	100	176	73	51	199	43	30	147	50	119	164	113	98	186	188	20	96	90	24	113	66	85	179	84	96	16	173	184	195	168	19	190	197	151	148	18	115	42	191	192	140	178	2	156	99	191	142	46	154	106	3	96	159	77	0
key80	186	112	60	176	133	184	149	39	2	53	169	153	194	125	62	197	134	136	181	33	99	72	134	148	93	129	90	140	180	134	137	65	55	5	79	23	81	72	90	2	161	40	21	163	66	2	148	189	18	111	179	67	112	90	107	136	199	1	110	171	11	58	106	130	142	95	158	139	73	80	123	137	52	80	160	162	21	81	77	0
key81	99	197	48	141	61	96	44	127	38	14	193	20	183	153	100	172	154	3	113	104	105	164	37	155	125	30	107	192	132	115	194	156	7	29	79	73	195	108	164	98	134	95	37	26	156	63	91	42	18	194	189	123	103	11	177	92	50	54	50	123	53	4	171	92	197	69	135	180	51	5	81	127	107	199	63	135	70	195	63	21	0
key82	3	72	56	21	112	71	129	40	190	77	41	161	106	144	44	191	148	73	146	70	10	42	26	120	36	82	2	152	109	8	45	16	191	192	45	4	116	0	126	106	29	58	12	110	74	192	44	159	142	199	44	148	54	76	31	184	3	100	187	85	52	156	70	133	62	112	86	79	95	53	198	195	46	152	93	178	138	4	3	102	61	0
key83	2	161	21	163	163	128	25	91	9	148	139	81	96	169	78	98	187	112	52	30	87	176	14	123	115	16	170	78	36	150	126	185	38	28	95	119	159	147	149	179	166	16	121	177	84	174	158	180	174	52	129	102	159	93	69	142	104	112	93	75	145	119	138	195	64	175	177	103	120	119	62	149	126	123	36	121	177	114	79	190	28	39	0
key84	116	94	124	179	67	184	75	113	152	112	186	139	44	174	36	135	72	97	103	76	71	82	46	0	92	96	30	22	147	8	107	4	20	185	39	65	113	129	184	149	155	170	16	43	151	2	110	38	186	81	164	49	82	60	83	178	94	81	101	129	69	116	165	78	47	158	160	183	115	60	187	152	108	29	92	61	164	161	43	16	127	38	160	0
key85	70	0	164	192	188	48	59	45	67	150	196	161	192	3	193	144	164	177	58	41	53	16	70	68	25	189	131	190	199	100	147	146	169	133	75	130	163	161	10	119	65	96	127	49	78	94	72	46	39	7	2	102	184	86	76	3	166	134	194	108	120	112	191	178	178	187	75	53	32	40	116	178	156	15	193	186	67	128	177	123	39	111	176	126	0
key86	75	124	27	151	115	104	32	153	109	168	151	114	127	67	43	117	128	89	158	79	172	13	73	129	89	109	87	31	196	194	61	69	58	137	105	170	104	5	125	82	98	75	7	9	50	80	63	78	181	117	117	79	142	195	49	33	77	44	185	27	141	164	136	88	64	130	91	114	164	144	155	51	18	40	142	119	176	133	15	94	122	128	175	33	98	0
key87	68	3	55	162	139	52	166	106	126	84	139	24	111	166	42	125	28	3	15	0	68	136	101	136	131	180	119	84	129	112	198	72	138	15	151	74	2	69	105	121	187	187	178	70	84	111	8	20	161	150	132	175	166	171	11	163	181	40	111	197	127	110	30	96	111	168	78	145	37	17	100	17	53	124	161	132	57	108	70	79	51	78	157	75	140	28	0
key88	105	87	189	75	25	192	127	151	185	199	94	141	191	107	51	77	8	26	30	178	46	143	36	137	83	134	3	67	47	31	196	88	40	139	62	168	18	2	136	15	120	13	193	17	46	90	51	32	84	180	24	30	186	34	27	181	104	16	125	0	158	174	141	132	71	152	105	199	46	156	160	84	91	171	114	76	1	26	42	61	184	109	142	160	140	134	36	0
key89	20	189	156	122	156	46	36	180	142	56	155	25	49	65	186	5	138	154	102	163	1	11	45	31	147	166	45	90	51	64	177	69	36	193	186	100	19	67	147	121	99	49	181	127	0	32	24	78	160	165	38	47	71	33	81	25	71	86	18	174	183	113	93	133	9	175	136	166	68	178	39	169	184	108	60	119	134	102	0	185	131	180	10	72	169	23	62	28	0
key90	13	199	61	101	38	44	13	34	122	188	39	26	185	135	43	130	179	89	24	107	131	33	47	132	31	56	51	144	175	136	122	49	155	162	4	176	97	13	68	179	155	91	125	187	51	95	90	11	64	48	105	197	72	179	94	125	42	50	190	169	172	130	190	92	78	30	79	106	41	176	191	173	90	139	25	153	148	12	113	18	21	41	132	94	39	99	74	171	146	0
key91	16	59	54	39	161	199	165	165	62	117	198	152	90	112	22	107	189	171	33	156	45	41	157	31	124	138	106	113	147	118	76	123	13	90	104	59	184	79	72	194	112	149	157	110	111	161	133	189	96	194	132	158	148	6	35	76	155	154	138	176	80	157	46	154	95	113	27	113	157	162	22	149	36	7	89	197	196	72	113	116	117	125	155	34	79	140	58	137	188	11	0
key92	98	108	54	122	87	22	119	160	129	81	34	180	19	11	92	121	102	94	99	174	167	70	108	196	11	65	193	173	32	194	80	140	90	191	26	145	5	107	141	62	115	46	174	62	71	159	135	123	100	83	178	0	102	31	125	38	4	134	46	37	163	29	88	173	21	106	151	156	8	190	18	51	91	88	131	141	183	177	22	44	191	45	189	80	124	182	25	81	41	120	196	0
key93	64	57	24	68	141	199	134	187	87	101	53	5	157	165	89	62	148	162	44	9	116	81	60	88	145	39	103	65	158	28	105	198	184	122	160	76	75	127	157	89	70	90	77	160	12	42	129	124	13	13	143	151	170	76	11	32	127	53	175	99	99	72	171	8	128	162	17	168	6	114	56	13	35	181	44	138	47	29	91	72	69	144	55	106	36	82	178	176	158	174	181	185	0
key94	136	78	199	183	29	185	178	0	165	66	112	116	113	182	133	195	94	32	55	63	47	160	160	130	147	5	43	77	168	6	100	178	100	154	70	79	16	196	23	29	185	88	6	154	37	97	128	189	183	157	103	53	77	68	40	79	133	152	87	91	88	156	115	135	22	4	65	52	22	2	134	111	95	86	20	83	137	134	9	174	146	110	115	198	92	73	77	8	25	29	191	175	50	0
key95	31	6	113	134	137	65	59	178	9	92	102	128	168	35	60	144	98	156	8	15	198	174	55	21	183	51	175	56	142	36	84	185	37	156	167	67	57	152	55	14	23	78	59	114	39	131	41	190	197	153	146	19	127	160	180	198	3	144	36	56	197	105	175	25	179	144	153	51	71	8	197	63	51	73	38	85	6	191	182	6	35	179	45	192	2	155	128	152	140	137	46	56	102	77	0
key96	4	100	65	153	129	119	85	112	42	55	98	59	94	73	174	96	38	123	20	16	161	163	132	40	57	15	0	11	63	88	161	34	128	142	100	164	149	101	6	148	145	122	172	17	85	107	50	126	168	73	157	45	150	164	20	96	123	118	189	148	142	183	81	58	102	82	91	157	71	29	139	194	62	195	77	128	66	20	141	164	126	186	53	47	69	27	175	4	82	193	113	129	139	172	169	0
key97	30	83	52	44	114	151	134	192	134	151	4	22	174	94	43	153	90	69	195	114	5	174	182	102	46	89	170	179	135	112	87	130	30	28	182	165	17	44	48	69	48	167	83	11	135	25	7	191	185	154	29	147	98	120	61	107	103	102	182	193	147	115	158	72	141	91	4	60	46	8	0	78	18	66	160	51	193	115	143	162	131	136	21	157	109	165	95	97	55	77	159	161	146	6	17	99	0
key98	43	31	49	137	184	98	24	125	125	5	169	148	129	20	83	172	10	171	102	151	18	165	116	177	186	169	33	89	115	40	96	119	18	2	48	0	10	171	150	116	49	139	40	109	125	198	58	128	101	17	3	135	7	175	154	55	175	135	134	184	33	75	24	38	146	161	133	56	107	83	8	157	73	26	105	140	161	103	99	136	88	29	55	115	57	52	41	36	104	132	194	52	83	165	35	161	110	0
key99	65	35	112	55	90	32	155	77	22	94	47	20	193	37	102	50	163	189	98	149	53	9	27	53	115	145	99	45	168	158	196	191	69	85	174	36	48	51	16	143	82	139	36	81	123	103	132	69	177	138	90	65	33	87	134	106	41	117	132	101	139	26	48	69	130	14	47	32	14	97	45	152	163	171	113	127	149	130	133	26	25	31	97	185	49	108	63	142	67	42	156	32	135	69	24	26	5	154	0
key100	139	22	44	1	150	185	21	121	86	139	129	147	11	3	64	0	125	91	157	104	120	43	147	51	178	19	13	119	30	144	48	36	55	190	194	195	36	124	13	121	159	97	118	187	71	81	51	177	181	165	13	104	11	90	39	75	4	44	27	6	172	102	18	190	2	115	121	109	10	50	95	102	140	184	172	81	21	141	142	93	71	187	74	141	44	164	99	46	41	88	35	163	157	184	69	150	186	179	80	0
